<?xml version="1.0" encoding="UTF-8"?>
<office:document-meta xmlns:grddl="http://www.w3.org/2003/g/data-view#" xmlns:meta="urn:oasis:names:tc:opendocument:xmlns:meta:1.0" xmlns:dc="http://purl.org/dc/elements/1.1/" xmlns:xlink="http://www.w3.org/1999/xlink" xmlns:ooo="http://openoffice.org/2004/office" xmlns:office="urn:oasis:names:tc:opendocument:xmlns:office:1.0" office:version="1.4"><office:meta><meta:creation-date>2026-02-13T19:20:53.753319000</meta:creation-date><dc:date>2026-02-14T10:51:21.098827000</dc:date><meta:editing-duration>PT14M36S</meta:editing-duration><meta:editing-cycles>4</meta:editing-cycles><meta:generator>LibreOffice/26.2.0.3$MacOSX_AARCH64 LibreOffice_project/afbbd0df0edb6d40b450b0337ac646b0913a760c</meta:generator><meta:document-statistic meta:table-count="0" meta:image-count="1" meta:object-count="0" meta:page-count="1" meta:paragraph-count="4" meta:word-count="10" meta:character-count="61" meta:non-whitespace-character-count="55"/></office:meta></office:document-meta>