<?xml version="1.0" encoding="UTF-8"?>
<office:document-styles xmlns:css3t="http://www.w3.org/TR/css3-text/" xmlns:grddl="http://www.w3.org/2003/g/data-view#" xmlns:xhtml="http://www.w3.org/1999/xhtml" xmlns:dom="http://www.w3.org/2001/xml-events" xmlns:script="urn:oasis:names:tc:opendocument:xmlns:script:1.0" xmlns:form="urn:oasis:names:tc:opendocument:xmlns:form:1.0" xmlns:math="http://www.w3.org/1998/Math/MathML" xmlns:number="urn:oasis:names:tc:opendocument:xmlns:datastyle:1.0" xmlns:field="urn:openoffice:names:experimental:ooo-ms-interop:xmlns:field:1.0" xmlns:meta="urn:oasis:names:tc:opendocument:xmlns:meta:1.0" xmlns:loext="urn:org:documentfoundation:names:experimental:office:xmlns:loext:1.0" xmlns:officeooo="http://openoffice.org/2009/office" xmlns:table="urn:oasis:names:tc:opendocument:xmlns:table:1.0" xmlns:chart="urn:oasis:names:tc:opendocument:xmlns:chart:1.0" xmlns:svg="urn:oasis:names:tc:opendocument:xmlns:svg-compatible:1.0" xmlns:rpt="http://openoffice.org/2005/report" xmlns:dr3d="urn:oasis:names:tc:opendocument:xmlns:dr3d:1.0" xmlns:tableooo="http://openoffice.org/2009/table" xmlns:draw="urn:oasis:names:tc:opendocument:xmlns:drawing:1.0" xmlns:of="urn:oasis:names:tc:opendocument:xmlns:of:1.2" xmlns:text="urn:oasis:names:tc:opendocument:xmlns:text:1.0" xmlns:style="urn:oasis:names:tc:opendocument:xmlns:style:1.0" xmlns:dc="http://purl.org/dc/elements/1.1/" xmlns:calcext="urn:org:documentfoundation:names:experimental:calc:xmlns:calcext:1.0" xmlns:oooc="http://openoffice.org/2004/calc" xmlns:xlink="http://www.w3.org/1999/xlink" xmlns:drawooo="http://openoffice.org/2010/draw" xmlns:ooow="http://openoffice.org/2004/writer" xmlns:fo="urn:oasis:names:tc:opendocument:xmlns:xsl-fo-compatible:1.0" xmlns:ooo="http://openoffice.org/2004/office" xmlns:office="urn:oasis:names:tc:opendocument:xmlns:office:1.0" office:version="1.4"><office:font-face-decls><style:font-face style:name="Arial Black" svg:font-family="&apos;Arial Black&apos;" style:font-pitch="variable"/><style:font-face style:name="Arial Unicode MS" svg:font-family="&apos;Arial Unicode MS&apos;" style:font-family-generic="swiss"/><style:font-face style:name="Arial Unicode MS1" svg:font-family="&apos;Arial Unicode MS&apos;" style:font-family-generic="system" style:font-pitch="variable"/><style:font-face style:name="Liberation Sans" svg:font-family="&apos;Liberation Sans&apos;" style:font-family-generic="swiss" style:font-pitch="variable"/><style:font-face style:name="Liberation Serif" svg:font-family="&apos;Liberation Serif&apos;" style:font-family-generic="roman" style:font-pitch="variable"/><style:font-face style:name="OpenSymbol" svg:font-family="OpenSymbol" style:font-charset="x-symbol"/><style:font-face style:name="Papyrus" svg:font-family="Papyrus" style:font-pitch="variable"/><style:font-face style:name="PingFang SC" svg:font-family="&apos;PingFang SC&apos;" style:font-family-generic="system" style:font-pitch="variable"/><style:font-face style:name="Songti SC" svg:font-family="&apos;Songti SC&apos;" style:font-family-generic="system" style:font-pitch="variable"/></office:font-face-decls><office:styles><style:default-style style:family="graphic"><style:graphic-properties svg:stroke-color="#3465a4" draw:fill-color="#729fcf" fo:wrap-option="no-wrap" draw:shadow-offset-x="0.3cm" draw:shadow-offset-y="0.3cm" draw:start-line-spacing-horizontal="0.283cm" draw:start-line-spacing-vertical="0.283cm" draw:end-line-spacing-horizontal="0.283cm" draw:end-line-spacing-vertical="0.283cm" style:writing-mode="lr-tb" style:flow-with-text="false"/><style:paragraph-properties style:text-autospace="ideograph-alpha" style:line-break="strict" loext:tab-stop-distance="0cm" style:font-independent-line-spacing="false"><style:tab-stops/></style:paragraph-properties><style:text-properties style:use-window-font-color="true" loext:opacity="0%" style:font-name="Liberation Serif" fo:font-size="12pt" fo:language="it" fo:country="IT" style:letter-kerning="true" style:font-name-asian="Songti SC" style:font-size-asian="10.5pt" style:language-asian="zh" style:country-asian="CN" style:font-name-complex="Arial Unicode MS1" style:font-size-complex="12pt" style:language-complex="hi" style:country-complex="IN"/></style:default-style><style:default-style style:family="paragraph"><style:paragraph-properties fo:orphans="2" fo:widows="2" fo:hyphenation-ladder-count="no-limit" fo:hyphenation-keep="auto" loext:hyphenation-keep-type="column" loext:hyphenation-keep-line="false" style:text-autospace="ideograph-alpha" style:punctuation-wrap="hanging" style:line-break="strict" style:tab-stop-distance="1.251cm" style:writing-mode="page"/><style:text-properties style:use-window-font-color="true" loext:opacity="0%" style:font-name="Liberation Serif" fo:font-size="12pt" fo:language="it" fo:country="IT" style:letter-kerning="true" style:font-name-asian="Songti SC" style:font-size-asian="10.5pt" style:language-asian="zh" style:country-asian="CN" style:font-name-complex="Arial Unicode MS1" style:font-size-complex="12pt" style:language-complex="hi" style:country-complex="IN" fo:hyphenate="false" fo:hyphenation-remain-char-count="2" fo:hyphenation-push-char-count="2" loext:hyphenation-no-caps="false" loext:hyphenation-no-last-word="false" loext:hyphenation-word-char-count="5" loext:hyphenation-zone="no-limit"/></style:default-style><style:default-style style:family="table"><style:table-properties table:border-model="collapsing"/></style:default-style><style:default-style style:family="table-row"><style:table-row-properties fo:keep-together="auto"/></style:default-style><style:style style:name="Standard" style:family="paragraph" style:class="text"/><style:style style:name="Heading" style:family="paragraph" style:parent-style-name="Standard" style:next-style-name="Text_20_body" style:class="chapter"><style:paragraph-properties fo:margin-top="0.423cm" fo:margin-bottom="0.212cm" style:contextual-spacing="false" fo:keep-with-next="always"/><style:text-properties style:font-name="Liberation Sans" fo:font-family="&apos;Liberation Sans&apos;" style:font-family-generic="swiss" style:font-pitch="variable" fo:font-size="14pt" style:font-name-asian="PingFang SC" style:font-family-asian="&apos;PingFang SC&apos;" style:font-family-generic-asian="system" style:font-pitch-asian="variable" style:font-size-asian="14pt" style:font-name-complex="Arial Unicode MS1" style:font-family-complex="&apos;Arial Unicode MS&apos;" style:font-family-generic-complex="system" style:font-pitch-complex="variable" style:font-size-complex="14pt"/></style:style><style:style style:name="Text_20_body" style:display-name="Text body" style:family="paragraph" style:parent-style-name="Standard" style:class="text"><style:paragraph-properties fo:margin-top="0cm" fo:margin-bottom="0.247cm" style:contextual-spacing="false" fo:line-height="115%"/></style:style><style:style style:name="List" style:family="paragraph" style:parent-style-name="Text_20_body" style:class="list"><style:text-properties style:font-size-asian="12pt" style:font-name-complex="Arial Unicode MS" style:font-family-complex="&apos;Arial Unicode MS&apos;" style:font-family-generic-complex="swiss"/></style:style><style:style style:name="Caption" style:family="paragraph" style:parent-style-name="Standard" style:class="extra"><style:paragraph-properties fo:margin-top="0.212cm" fo:margin-bottom="0.212cm" style:contextual-spacing="false" text:number-lines="false" text:line-number="0"/><style:text-properties fo:font-size="12pt" fo:font-style="italic" style:font-size-asian="12pt" style:font-style-asian="italic" style:font-name-complex="Arial Unicode MS" style:font-family-complex="&apos;Arial Unicode MS&apos;" style:font-family-generic-complex="swiss" style:font-size-complex="12pt" style:font-style-complex="italic"/></style:style><style:style style:name="Index" style:family="paragraph" style:parent-style-name="Standard" style:class="index"><style:paragraph-properties text:number-lines="false" text:line-number="0"/><style:text-properties style:font-size-asian="12pt" style:font-name-complex="Arial Unicode MS" style:font-family-complex="&apos;Arial Unicode MS&apos;" style:font-family-generic-complex="swiss"/></style:style><style:style style:name="ListLabel_20_1" style:display-name="ListLabel 1" style:family="text"/><style:style style:name="ListLabel_20_2" style:display-name="ListLabel 2" style:family="text"/><style:style style:name="ListLabel_20_3" style:display-name="ListLabel 3" style:family="text"/><style:style style:name="ListLabel_20_4" style:display-name="ListLabel 4" style:family="text"/><style:style style:name="Bullet_20_Symbols" style:display-name="Bullet Symbols" style:family="text"><style:text-properties style:font-name="OpenSymbol" fo:font-family="OpenSymbol" style:font-charset="x-symbol" style:font-name-asian="OpenSymbol" style:font-family-asian="OpenSymbol" style:font-charset-asian="x-symbol" style:font-name-complex="OpenSymbol" style:font-family-complex="OpenSymbol" style:font-charset-complex="x-symbol"/></style:style><style:style style:name="Graphics" style:family="graphic"><style:graphic-properties text:anchor-type="paragraph" svg:x="0cm" svg:y="0cm" style:wrap="dynamic" style:number-wrapped-paragraphs="no-limit" style:wrap-contour="false" style:vertical-pos="top" style:vertical-rel="paragraph" style:horizontal-pos="center" style:horizontal-rel="paragraph" fo:background-color="transparent" draw:fill="none" draw:fill-color="#729fcf"/></style:style><text:outline-style style:name="Outline"><text:outline-level-style text:level="1" loext:num-list-format="%1%" style:num-format=""><style:list-level-properties text:list-level-position-and-space-mode="label-alignment"><style:list-level-label-alignment text:label-followed-by="nothing"/></style:list-level-properties></text:outline-level-style><text:outline-level-style text:level="2" loext:num-list-format="%2%" style:num-format=""><style:list-level-properties text:list-level-position-and-space-mode="label-alignment"><style:list-level-label-alignment text:label-followed-by="nothing"/></style:list-level-properties></text:outline-level-style><text:outline-level-style text:level="3" loext:num-list-format="%3%" style:num-format=""><style:list-level-properties text:list-level-position-and-space-mode="label-alignment"><style:list-level-label-alignment text:label-followed-by="nothing"/></style:list-level-properties></text:outline-level-style><text:outline-level-style text:level="4" loext:num-list-format="%4%" style:num-format=""><style:list-level-properties text:list-level-position-and-space-mode="label-alignment"><style:list-level-label-alignment text:label-followed-by="nothing"/></style:list-level-properties></text:outline-level-style><text:outline-level-style text:level="5" loext:num-list-format="%5%" style:num-format=""><style:list-level-properties text:list-level-position-and-space-mode="label-alignment"><style:list-level-label-alignment text:label-followed-by="nothing"/></style:list-level-properties></text:outline-level-style><text:outline-level-style text:level="6" loext:num-list-format="%6%" style:num-format=""><style:list-level-properties text:list-level-position-and-space-mode="label-alignment"><style:list-level-label-alignment text:label-followed-by="nothing"/></style:list-level-properties></text:outline-level-style><text:outline-level-style text:level="7" loext:num-list-format="%7%" style:num-format=""><style:list-level-properties text:list-level-position-and-space-mode="label-alignment"><style:list-level-label-alignment text:label-followed-by="nothing"/></style:list-level-properties></text:outline-level-style><text:outline-level-style text:level="8" loext:num-list-format="%8%" style:num-format=""><style:list-level-properties text:list-level-position-and-space-mode="label-alignment"><style:list-level-label-alignment text:label-followed-by="nothing"/></style:list-level-properties></text:outline-level-style><text:outline-level-style text:level="9" loext:num-list-format="%9%" style:num-format=""><style:list-level-properties text:list-level-position-and-space-mode="label-alignment"><style:list-level-label-alignment text:label-followed-by="nothing"/></style:list-level-properties></text:outline-level-style><text:outline-level-style text:level="10" loext:num-list-format="%10%" style:num-format=""><style:list-level-properties text:list-level-position-and-space-mode="label-alignment"><style:list-level-label-alignment text:label-followed-by="nothing"/></style:list-level-properties></text:outline-level-style></text:outline-style><text:list-style style:name="WWNum1"><text:list-level-style-bullet text:level="1" text:style-name="ListLabel_20_1" loext:num-list-format="•" style:num-suffix="•" text:bullet-char="•"><style:list-level-properties text:list-level-position-and-space-mode="label-alignment"><style:list-level-label-alignment text:label-followed-by="listtab" fo:text-indent="-0.635cm" fo:margin-left="1.27cm"/></style:list-level-properties></text:list-level-style-bullet><text:list-level-style-bullet text:level="2" text:style-name="ListLabel_20_2" loext:num-list-format="•" style:num-suffix="•" text:bullet-char="•"><style:list-level-properties text:list-level-position-and-space-mode="label-alignment"><style:list-level-label-alignment text:label-followed-by="listtab" fo:text-indent="-0.635cm" fo:margin-left="2.54cm"/></style:list-level-properties></text:list-level-style-bullet><text:list-level-style-number text:level="3" loext:num-list-format="%3%." style:num-suffix="." style:num-format="1"><style:list-level-properties text:list-level-position-and-space-mode="label-alignment"><style:list-level-label-alignment text:label-followed-by="listtab" text:list-tab-stop-position="2.54cm" fo:text-indent="-0.635cm" fo:margin-left="2.54cm"/></style:list-level-properties></text:list-level-style-number><text:list-level-style-number text:level="4" loext:num-list-format="%4%." style:num-suffix="." style:num-format="1"><style:list-level-properties text:list-level-position-and-space-mode="label-alignment"><style:list-level-label-alignment text:label-followed-by="listtab" text:list-tab-stop-position="3.175cm" fo:text-indent="-0.635cm" fo:margin-left="3.175cm"/></style:list-level-properties></text:list-level-style-number><text:list-level-style-number text:level="5" loext:num-list-format="%5%." style:num-suffix="." style:num-format="1"><style:list-level-properties text:list-level-position-and-space-mode="label-alignment"><style:list-level-label-alignment text:label-followed-by="listtab" text:list-tab-stop-position="3.81cm" fo:text-indent="-0.635cm" fo:margin-left="3.81cm"/></style:list-level-properties></text:list-level-style-number><text:list-level-style-number text:level="6" loext:num-list-format="%6%." style:num-suffix="." style:num-format="1"><style:list-level-properties text:list-level-position-and-space-mode="label-alignment"><style:list-level-label-alignment text:label-followed-by="listtab" text:list-tab-stop-position="4.445cm" fo:text-indent="-0.635cm" fo:margin-left="4.445cm"/></style:list-level-properties></text:list-level-style-number><text:list-level-style-number text:level="7" loext:num-list-format="%7%." style:num-suffix="." style:num-format="1"><style:list-level-properties text:list-level-position-and-space-mode="label-alignment"><style:list-level-label-alignment text:label-followed-by="listtab" text:list-tab-stop-position="5.08cm" fo:text-indent="-0.635cm" fo:margin-left="5.08cm"/></style:list-level-properties></text:list-level-style-number><text:list-level-style-number text:level="8" loext:num-list-format="%8%." style:num-suffix="." style:num-format="1"><style:list-level-properties text:list-level-position-and-space-mode="label-alignment"><style:list-level-label-alignment text:label-followed-by="listtab" text:list-tab-stop-position="5.715cm" fo:text-indent="-0.635cm" fo:margin-left="5.715cm"/></style:list-level-properties></text:list-level-style-number><text:list-level-style-number text:level="9" loext:num-list-format="%9%." style:num-suffix="." style:num-format="1"><style:list-level-properties text:list-level-position-and-space-mode="label-alignment"><style:list-level-label-alignment text:label-followed-by="listtab" text:list-tab-stop-position="6.35cm" fo:text-indent="-0.635cm" fo:margin-left="6.35cm"/></style:list-level-properties></text:list-level-style-number><text:list-level-style-number text:level="10" loext:num-list-format="%10%." style:num-suffix="." style:num-format="1"><style:list-level-properties text:list-level-position-and-space-mode="label-alignment"><style:list-level-label-alignment text:label-followed-by="listtab" text:list-tab-stop-position="6.985cm" fo:text-indent="-0.635cm" fo:margin-left="6.985cm"/></style:list-level-properties></text:list-level-style-number></text:list-style><text:list-style style:name="WWNum2"><text:list-level-style-bullet text:level="1" text:style-name="ListLabel_20_3" loext:num-list-format="•" style:num-suffix="•" text:bullet-char="•"><style:list-level-properties text:list-level-position-and-space-mode="label-alignment"><style:list-level-label-alignment text:label-followed-by="listtab" fo:text-indent="-0.635cm" fo:margin-left="1.27cm"/></style:list-level-properties></text:list-level-style-bullet><text:list-level-style-bullet text:level="2" text:style-name="ListLabel_20_4" loext:num-list-format="•" style:num-suffix="•" text:bullet-char="•"><style:list-level-properties text:list-level-position-and-space-mode="label-alignment"><style:list-level-label-alignment text:label-followed-by="listtab" fo:text-indent="-0.635cm" fo:margin-left="2.54cm"/></style:list-level-properties></text:list-level-style-bullet><text:list-level-style-number text:level="3" loext:num-list-format="%3%." style:num-suffix="." style:num-format="1"><style:list-level-properties text:list-level-position-and-space-mode="label-alignment"><style:list-level-label-alignment text:label-followed-by="listtab" text:list-tab-stop-position="2.54cm" fo:text-indent="-0.635cm" fo:margin-left="2.54cm"/></style:list-level-properties></text:list-level-style-number><text:list-level-style-number text:level="4" loext:num-list-format="%4%." style:num-suffix="." style:num-format="1"><style:list-level-properties text:list-level-position-and-space-mode="label-alignment"><style:list-level-label-alignment text:label-followed-by="listtab" text:list-tab-stop-position="3.175cm" fo:text-indent="-0.635cm" fo:margin-left="3.175cm"/></style:list-level-properties></text:list-level-style-number><text:list-level-style-number text:level="5" loext:num-list-format="%5%." style:num-suffix="." style:num-format="1"><style:list-level-properties text:list-level-position-and-space-mode="label-alignment"><style:list-level-label-alignment text:label-followed-by="listtab" text:list-tab-stop-position="3.81cm" fo:text-indent="-0.635cm" fo:margin-left="3.81cm"/></style:list-level-properties></text:list-level-style-number><text:list-level-style-number text:level="6" loext:num-list-format="%6%." style:num-suffix="." style:num-format="1"><style:list-level-properties text:list-level-position-and-space-mode="label-alignment"><style:list-level-label-alignment text:label-followed-by="listtab" text:list-tab-stop-position="4.445cm" fo:text-indent="-0.635cm" fo:margin-left="4.445cm"/></style:list-level-properties></text:list-level-style-number><text:list-level-style-number text:level="7" loext:num-list-format="%7%." style:num-suffix="." style:num-format="1"><style:list-level-properties text:list-level-position-and-space-mode="label-alignment"><style:list-level-label-alignment text:label-followed-by="listtab" text:list-tab-stop-position="5.08cm" fo:text-indent="-0.635cm" fo:margin-left="5.08cm"/></style:list-level-properties></text:list-level-style-number><text:list-level-style-number text:level="8" loext:num-list-format="%8%." style:num-suffix="." style:num-format="1"><style:list-level-properties text:list-level-position-and-space-mode="label-alignment"><style:list-level-label-alignment text:label-followed-by="listtab" text:list-tab-stop-position="5.715cm" fo:text-indent="-0.635cm" fo:margin-left="5.715cm"/></style:list-level-properties></text:list-level-style-number><text:list-level-style-number text:level="9" loext:num-list-format="%9%." style:num-suffix="." style:num-format="1"><style:list-level-properties text:list-level-position-and-space-mode="label-alignment"><style:list-level-label-alignment text:label-followed-by="listtab" text:list-tab-stop-position="6.35cm" fo:text-indent="-0.635cm" fo:margin-left="6.35cm"/></style:list-level-properties></text:list-level-style-number><text:list-level-style-number text:level="10" loext:num-list-format="%10%." style:num-suffix="." style:num-format="1"><style:list-level-properties text:list-level-position-and-space-mode="label-alignment"><style:list-level-label-alignment text:label-followed-by="listtab" text:list-tab-stop-position="6.985cm" fo:text-indent="-0.635cm" fo:margin-left="6.985cm"/></style:list-level-properties></text:list-level-style-number></text:list-style><text:notes-configuration text:note-class="footnote" style:num-format="1" text:start-value="0" text:footnotes-position="page" text:start-numbering-at="document"/><text:notes-configuration text:note-class="endnote" style:num-format="i" text:start-value="0"/><text:linenumbering-configuration text:number-lines="false" text:offset="0.499cm" style:num-format="1" text:number-position="left" text:increment="5"/><style:default-page-layout><style:page-layout-properties style:writing-mode="lr-tb" style:layout-grid-standard-mode="true"/></style:default-page-layout><loext:theme loext:name="Office"><loext:theme-colors loext:name="LibreOffice"><loext:color loext:name="dark1" loext:color="#000000"/><loext:color loext:name="light1" loext:color="#ffffff"/><loext:color loext:name="dark2" loext:color="#000000"/><loext:color loext:name="light2" loext:color="#ffffff"/><loext:color loext:name="accent1" loext:color="#18a303"/><loext:color loext:name="accent2" loext:color="#0369a3"/><loext:color loext:name="accent3" loext:color="#a33e03"/><loext:color loext:name="accent4" loext:color="#8e03a3"/><loext:color loext:name="accent5" loext:color="#c99c00"/><loext:color loext:name="accent6" loext:color="#c9211e"/><loext:color loext:name="hyperlink" loext:color="#0000ee"/><loext:color loext:name="followed-hyperlink" loext:color="#551a8b"/></loext:theme-colors></loext:theme></office:styles><office:automatic-styles><style:page-layout style:name="Mpm1"><style:page-layout-properties fo:page-width="21.001cm" fo:page-height="29.7cm" style:num-format="1" style:print-orientation="portrait" fo:margin-top="2cm" fo:margin-bottom="2cm" fo:margin-left="2cm" fo:margin-right="2cm" style:writing-mode="lr-tb" style:layout-grid-color="#c0c0c0" style:layout-grid-lines="44" style:layout-grid-base-height="0.55cm" style:layout-grid-ruby-height="0cm" style:layout-grid-mode="none" style:layout-grid-ruby-below="false" style:layout-grid-print="true" style:layout-grid-display="true" style:layout-grid-base-width="0.37cm" style:layout-grid-snap-to="true" style:footnote-max-height="0cm" loext:margin-gutter="0cm"><style:footnote-sep style:width="0.018cm" style:distance-before-sep="0.101cm" style:distance-after-sep="0.101cm" style:line-style="solid" style:adjustment="left" style:rel-width="25%" style:color="#000000"/></style:page-layout-properties><style:header-style/><style:footer-style/></style:page-layout><style:style style:name="Mdp1" style:family="drawing-page"><style:drawing-page-properties draw:background-size="full"/></style:style></office:automatic-styles><office:master-styles><style:master-page style:name="Standard" style:page-layout-name="Mpm1" draw:style-name="Mdp1"/></office:master-styles></office:document-styles>